profile_id,base_temp_c,excursion_temp_c,excursion_hours,total_hours,max_temp_c,min_temp_c,arithmetic_mean_c,mkt_dH83_144_kJ_mol_c,mkt_dH62_8_kJ_mol_c,hours_outside_2_8_band
C01,5,,0,48,5,5,5.00,5.00,5.00,0
C02,5,10,6,48,10,5,5.62,5.82,5.76,6
C03,5,15,1,48,15,5,5.21,5.39,5.33,1
C04,5,15,6,48,15,5,6.25,7.11,6.84,6
C05,5,15,24,48,15,5,10.00,11.39,11.05,24
C06,5,22,1,48,22,5,5.35,6.05,5.78,1
C07,5,22,6,48,22,5,7.12,9.91,9.02,6
C08,5,22,24,48,22,5,13.50,17.08,16.31,24
C09,5,22,48,48,22,5,22.00,22.00,22.00,48
C10,5,30,1,48,30,5,5.52,7.53,6.66,1
C11,5,30,6,48,30,5,8.12,14.55,12.54,6
C12,5,30,24,48,30,5,17.50,24.20,22.97,24
C13,5,40,1,48,40,5,5.73,11.00,8.58,1
C14,5,40,6,48,40,5,9.38,21.88,18.37,6
F01,-20,,0,48,-20,-20,-20.00,-20.00,-20.00,48
F02,-20,-5,6,48,-5,-20,-18.12,-15.43,-16.29,48
F03,-20,0,6,48,0,-20,-17.50,-12.47,-14.04,48
F04,-20,5,2,48,5,-20,-18.96,-14.24,-16.13,46
F05,-20,5,24,48,5,-20,-7.50,-0.05,-1.28,24
F06,-20,22,2,48,22,-20,-18.25,-2.73,-7.98,48
F07,-20,22,24,48,22,-20,1.00,16.11,14.37,48
F08,-20,30,6,48,30,-20,-13.75,12.11,7.16,48
F09,5,-10,6,48,5,-10,3.12,4.11,3.94,6
F10,5,-20,24,48,5,-20,-7.50,-0.05,-1.28,24
